{"cameraMode":{"drawMode":0,"name":"Shaded","section":"Shading Mode"},"sceneLighting":true,"audioPlay":false,"sceneViewState":{"m_AlwaysRefresh":false,"showFog":true,"showSkybox":true,"showFlares":true,"showImageEffects":true,"showParticleSystems":true,"showVisualEffectGraphs":true,"m_FxEnabled":true},"in2DMode":false,"pivot":{"x":-27.19756317138672,"y":18.294239044189454,"z":16.955717086791993},"rotation":{"x":0.03762625902891159,"y":-0.5434613227844238,"z":-0.024633867666125299,"w":-0.8383246660232544},"size":10.669998168945313,"orthographic":false}