{"cameraMode":{"drawMode":0,"name":"Shaded","section":"Shading Mode"},"sceneLighting":false,"audioPlay":false,"sceneViewState":{"m_AlwaysRefresh":false,"showFog":true,"showSkybox":false,"showFlares":true,"showImageEffects":true,"showParticleSystems":true,"showVisualEffectGraphs":true,"m_FxEnabled":true},"in2DMode":false,"pivot":{"x":1.9063799381256104,"y":0.16162380576133729,"z":-0.5716844201087952},"rotation":{"x":-0.03174023702740669,"y":-0.9683122038841248,"z":0.18100610375404359,"w":-0.16929180920124055},"size":2.235809087753296,"orthographic":false}